4731,Reshma,Female,One,"Wahid Gul",3119147981,-1300,"Miss Saira","2026-09-07 14:59:12"
4546,Arsalan,Male,One,Shehraz,3119147981,-1300,"Miss Saira","2026-09-07 15:00:54"
4547,Aneesha,Female,One,Shehraz,3119147981,-1300,"Miss Saira","2026-09-07 15:04:22"
4548,Amanullah,Male,One,Arshad,3119147981,-1300,"Miss Saira","2026-09-07 15:05:33"
4634,Ehtisham,Male,One,"Sultan Muhammad",3119147981,-1300,"Miss Saira","2026-09-07 15:07:20"
4636,Aneesa,Female,One,"Sultan Muhammad",3119147981,-1300,"Miss Saira","2026-09-07 15:10:26"
4481,"Muhammad Maaz",Male,One,"Muhammad Ali",3119147981,-1300,"Miss Saira","2026-09-07 15:11:48"
4486,Sumaira,Female,One,"Aziz ur Rehman",3119147981,-1300,"Miss Saira","2026-09-07 15:12:58"
4699,"Zahid Khan",Male,One,"Wahid Gul",3119147981,-1300,"Miss Saira","2026-09-07 15:13:41"
4763,Nizam,Male,One,"Zahir Shah",3119147981,-1300,"Miss Saira","2026-09-07 15:14:34"
4676,"Bibi Zainab",Female,One,"Akhtar Ali",3119147981,-1300,"Miss Saira","2026-09-07 15:16:37"
4782,"Alizah Nisar",Female,One,"Muhammad Nisar",3119147981,-1300,"Miss Saira","2026-09-07 15:17:56"
4368,"Muhammad Shehzad",Male,KG-II,Shakil,3119147981,-1250,"Miss Saira","2026-09-08 22:06:46"
4373,Noman,Male,KG-II,Arif,3119147981,-1250,"Miss Saira","2026-09-08 22:07:28"
4474,"Malala Amin",Female,KG-II,"Muhammad Sohail Amin",3119147981,-1250,"Miss Saira","2026-09-08 22:09:20"
4478,Rehan,Male,KG-II,"Akhtar Zaman",3119147981,-1250,"Miss Saira","2026-09-08 22:10:04"
4498,"Abdul Satar",Male,KG-II,"Khair ur Rehman",3119147981,-1250,"Miss Saira","2026-09-08 22:13:05"
4500,Emaan,Female,KG-II,"Raza Khan",3119147981,-1250,"Miss Saira","2026-09-08 22:14:33"
4501,Ayan,Male,KG-II,"Asif Nawaz",3119147981,-1250,"Miss Saira","2026-09-08 22:15:56"
4504,Romaiya,Female,KG-II,Ataullah,3119147981,-1250,"Miss Saira","2026-09-08 22:17:29"
4508,"Muhammad Hashaam",Male,KG-II,"Saif ur Rehman",3119147981,-1250,"Miss Saira","2026-09-08 22:19:17"
4509,Areeba,Female,KG-II,"Rehmat Shah",3119147981,-1250,"Miss Saira","2026-09-08 22:20:00"
4522,Minhaz,Male,KG-II,"Umer Ali",3119147981,-1250,"Miss Saira","2026-09-08 22:24:13"
4517,Aneesa,Female,KG-II,"Amjad Ali Shah",3119147981,-1250,"Miss Saira","2026-09-08 22:25:02"
4518,Zainab,Female,KG-II,"Bahadur Khan",3119147981,-1250,"Miss Saira","2026-09-08 22:26:02"
4520,Zohaibullah,Male,KG-II,"Niyaz Muhammad",3119147981,-1250,"Miss Saira","2026-09-08 22:27:34"
4523,"Anaya Amjad",Female,KG-II,Amjad,3119147981,-1250,"Miss Saira","2026-09-08 22:28:11"
4526,Dua,Female,KG-II,"Syed Nasir",3119147981,-1250,"Miss Saira","2026-09-08 22:29:17"
4537,Safrah,Female,KG-II,"Sultan Ali",3119147981,-1250,"Miss Saira","2026-09-08 22:30:05"
4533,Aleenah,Female,KG-II,"Barkat Amin",3119147981,-1250,"Miss Saira","2026-09-08 22:31:29"
4536,"Izhar ul Haq",Male,KG-II,"Israr ul Haq",3119147981,-1250,"Miss Saira","2026-09-08 22:32:23"
4554,Lubaba,Female,KG-II,"Muhammad Naeem",3119147981,-1250,"Miss Saira","2026-09-08 22:35:17"
4556,"Eshal Khan",Female,KG-II,"Ruhul Amin",3119147981,-1250,"Miss Saira","2026-09-08 22:38:11"
4557,Noman,Male,KG-II,"Bakhat Amin",3119147981,-1250,"Miss Saira","2026-09-08 22:38:59"
4558,kalsoom,Female,KG-II,"Shamshair Ali",3119147981,-1250,"Miss Saira","2026-09-08 22:39:41"
4559,Osman,Male,KG-II,"Shamshair Ali",3119147981,-1250,"Miss Saira","2026-09-08 22:40:28"
4561,Zakarya,Male,KG-II,"Fazal Wahid",3119147981,-1250,"Miss Saira","2026-09-08 22:41:12"
4579,"Huriya Bibi",Female,KG-II,"Rehman Ali",3119147981,-1250,"Miss Saira","2026-09-08 22:42:37"
4580,"Aliyan Ali",Male,KG-II,"Rehman Ali",3119147981,-1250,"Miss Saira","2026-09-08 22:43:28"
4631,"Hammad Khan",Male,KG-II,Bilal,3119147981,-1250,"Miss Saira","2026-09-08 22:44:12"
4629,Mustafa,Male,KG-II,Iqbal,3119147981,-1250,"Miss Saira","2026-09-08 22:44:49"
4459,"Ahmad ",Male,KG-II,"Muhammad Rasool Khan",3119147981,-1250,"Miss Saira","2026-09-08 22:45:41"
4659,"Ahmad Shah",Male,KG-II,"Zafar Ali",3119147981,-1250,"Miss Saira","2026-09-08 22:47:11"
4671,Eshaal,Male,KG-II,"Fazal Malik",3119147981,-1250,"Miss Saira","2026-09-08 22:48:12"
4742,Faryal,Female,KG-II,"Muhammad Aziz",3119147981,-1250,"Miss Saira","2026-09-08 22:49:11"
4749,Rehan,Male,KG-II,"Majid Khan",3119147981,-1250,"Miss Saira","2026-09-08 22:50:11"
4673,Umaima,Female,KG-II,"Subhan Uddin",3119147981,-1250,"Miss Saira","2026-09-08 22:51:32"
4672,Warisha,Female,KG-II,Abdullah,3119147981,-1250,"Miss Saira","2026-09-08 22:52:57"
4633,"Bushra ",Female,KG-II,Abdullah,3119147981,-1250,"Miss Saira","2026-09-08 22:54:03"
4564,Iqsa,Female,KG-II,Osman,3119147981,-1250,"Miss Saira","2026-09-08 22:54:54"
4785,Zonaira,Female,KG-II,"Abdul Al Hafeez",3119147981,-1250,"Miss Saira","2026-09-08 22:56:01"
4505,"Nadia Bibi",Female,KG-I,"Syed Muhammad Khan",3119147981,-1200,"Miss Saira","2026-09-08 23:18:32"
4545,"Kashif ",Male,KG-I,"Akhtashman Khan",3119147981,-1200,"Miss Saira","2026-09-08 23:20:22"
4555,Mehwish,Female,KG-I,"Shabeer Ahmed",3119147981,-1200,"Miss Saira","2026-09-08 23:21:17"
4595,Bisma,Female,KG-I,"Muhammad Hanif",3119147981,-1200,"Miss Saira","2026-09-08 23:24:16"
4598,Muzamil,Male,KG-I,"Sabir Ali",3119147981,-1200,"Miss Saira","2026-09-08 23:25:10"
4602,Ayesha,Female,KG-I,"Bakhat Syed",3119147981,-1200,"Miss Saira","2026-09-08 23:26:03"
4607,"Muhammad Arman",Male,KG-I,"Barkat Ali",3119147981,-1200,"Miss Saira","2026-09-08 23:26:51"
4608,Anfal,Female,KG-I,Muhidullah,3119147981,-1200,"Miss Saira","2026-09-08 23:28:33"
4610,"Fazal Ahmad",Male,KG-I,"Fazal Hameed",3119147981,-1200,"Miss Saira","2026-09-08 23:29:38"
4611,"Hassan Shah",Male,KG-I,"Adalat Shah",3119147981,-1200,"Miss Saira","2026-09-08 23:42:19"
4612,"Hussain Shah",Male,KG-I,"Adalat Shah",3119147981,-1200,"Miss Saira","2026-09-08 23:43:21"
4613,Jaweria,Female,KG-I,"Muhammad Ali",3119147981,-1200,"Miss Saira","2026-09-08 23:45:07"
4621,Ayan,Male,KG-I,"Zafar Ali",3119147981,-1200,"Miss Saira","2026-09-08 23:45:51"
4597,Ajwa,Female,KG-I,Adil,3119147981,-1200,"Miss Saira","2026-09-08 23:46:34"
4617,"Abdul Islam",Male,KG-I,"Khair ur Rehman",3119147981,-1200,"Miss Saira","2026-09-08 23:47:47"
4618,Almaha,Female,KG-I,"Fazlur Rehman",3119147981,-1200,"Miss Saira","2026-09-08 23:49:14"
4620,Ayan,Male,KG-I,"Umar Wahid",3119147981,-1200,"Miss Saira","2026-09-08 23:50:06"
4624,Roman,Male,KG-I,"Akbar Khan",3119147981,-1200,"Miss Saira","2026-09-08 23:51:30"
4651,Malaika,Female,KG-I,"Akbar Syed",3119147981,-1200,"Miss Saira","2026-09-08 23:52:10"
4622,Irfan,Male,KG-I,"Abdur Rehman",3119147981,-1200,"Miss Saira","2026-09-08 23:52:52"
4625,"Hurrain Bibi",Female,KG-I,"Noor Islam",3119147981,-1200,"Miss Saira","2026-09-08 23:53:48"
4626,Aswerah,Female,KG-I,"Umar Islam",3119147981,-1200,"Miss Saira","2026-09-08 23:56:00"
4627,Mubeeha,Female,KG-I,"Muhammad Rasool Khan",3119147981,-1200,"Miss Saira","2026-09-08 23:57:20"
4638,"Muhammad Umar",Male,KG-I,"Muhammad Sabir",3119147981,-1200,"Miss Saira","2026-09-08 23:58:27"
4643,Areeba,Female,KG-I,Zakir,3119147981,-1200,"Miss Saira","2026-09-09 00:00:10"
4644,"Rida Umar",Female,KG-I,"Syed Umar Ali Shah",3119147981,-1200,"Miss Saira","2026-09-09 00:01:47"
4645,"Areeba Umar",Female,KG-I,"Syed Umar Ali Shah",3119147981,-1200,"Miss Saira","2026-09-09 00:02:37"
4646,"Saad Ali Shah",Male,KG-I,"Syed Umar Ali Shah",3119147981,-1200,"Miss Saira","2026-09-09 00:06:00"
4649,Umar,Male,KG-I,"Rehman Ali",3119147981,-1200,"Miss Saira","2026-09-09 00:06:54"
4655,Shayan,Male,KG-I,"Majid Khan",3119147981,-1200,"Miss Saira","2026-09-09 00:09:54"
4656,"Israr Khan",Male,KG-I,Najeebullah,3119147981,-1200,"Miss Saira","2026-09-09 00:10:52"
4657,"Irfan Khan",Male,KG-I,Najeebullah,3119147981,-1200,"Miss Saira","2026-09-09 00:11:55"
4660,Hammad,Male,KG-I,"Saifur Rehman",3119147981,-1200,"Miss Saira","2026-09-09 00:13:11"
4661,Hameed,Male,KG-I,"Shah Mehmood Rehman",3119147981,-1200,"Miss Saira","2026-09-09 00:15:11"
4662,"Ahmad Iqbal",Male,KG-I,"Iqbal Zada",3119147981,-1200,"Miss Saira","2026-09-09 00:16:06"
4665,"Mir Hadi",Male,KG-I,"Muhammad Javed",3119147981,-1200,"Miss Saira","2026-09-09 00:17:22"
4666,"Bibi Amna",Male,KG-I,"Noor ur Rahim",3119147981,-1200,"Miss Saira","2026-09-09 00:18:19"
4668,Barirah,Female,KG-I,"Muhammad Irfan",3119147981,-1200,"Miss Saira","2026-09-09 00:19:45"
4669,Abubakar,Male,KG-I,"Noor ur Rahim",3119147981,-1200,"Miss Saira","2026-09-09 00:20:33"
4691,Uzair,Male,KG-I,"Haidar Ali",3119147981,-1200,"Miss Saira","2026-09-09 00:21:14"
4700,"Rubia Ali",Female,KG-I,"Muhammad Rahim",3119147981,-1200,"Miss Saira","2026-09-09 00:22:33"
4701,"Rehan Ali",Male,KG-I,"Muhammad Rahim",3119147981,-1200,"Miss Saira","2026-09-09 00:23:13"
4515,Aiman,Female,KG-I,Sulieman,3119147981,-1200,"Miss Saira","2026-09-09 00:24:31"
4709,"Muhammad Anas Khan",Male,KG-I,"Muhammad Hanif",3119147981,-1200,"Miss Saira","2026-09-09 00:25:42"
4753,"Ayesha ",Female,KG-I,"Mian Umar Shah",3119147981,-1200,"Miss Saira","2026-09-09 00:26:36"
4578,Rabia,Female,KG-I,"Raza Khan",3119147981,-1200,"Miss Saira","2026-09-09 00:27:12"
4762,"Arif ",Male,KG-I,Imadadullah,3119147981,-1200,"Miss Saira","2026-09-09 00:28:20"
4766,"Bibi Hurrain",Female,KG-I,"Akhtar Ali",3119147981,-1200,"Miss Saira","2026-09-09 00:29:37"
4768,"Abdur Rehman",Male,KG-I,"Muhammad Yamin",3119147981,-1200,"Miss Saira","2026-09-09 00:30:52"
